{
  "overall_lifts": {
    "has_quote": -0.25308893257864323,
    "has_number": -0.08438677040811057,
    "is_question": 0.4241760598589236,
    "has_colon": -0.020924502066375045
  },
  "temporal_lifts": {
    "early": {
      "has_quote": 0.01860015877772937,
      "has_number": -0.12543307514317198,
      "is_question": 0.12901037273194849,
      "has_colon": 0.08463849686188869
    },
    "late": {
      "has_quote": -0.999998494002268,
      "has_number": 2512562.8140703514,
      "is_question": -0.9999985386688022,
      "has_colon": -0.9999988140014066
    }
  },
  "question_ttest": {
    "t_stat": 0.7848631632881651,
    "p_val": 0.4327162005857581
  }
}