{
  "data_type": "train",
  "news_articles": 19094,
  "total_impressions": 937963,
  "total_clicks": 48194,
  "articles_with_impressions": 3423,
  "avg_ctr": 0.053378507405444225,
  "ctr_stats": {
    "mean": 0.05335089147344589,
    "median": 0.024232633279483037,
    "std": 0.08148718200008326,
    "min": 0.0,
    "max": 0.8,
    "25th": 0.0,
    "75th": 0.07142857142857142,
    "items_with_sufficient_impressions": 2059,
    "total_items": 3657
  },
  "timestamp": "2025-05-08 22:04:29",
  "sampling": {
    "article_sample_rate": 0.2,
    "max_impressions_per_behavior": 20
  }
}